{
	"credit": "Created by Stridey",
	"texture_size": [64, 64],
	"textures": {
		"particle": "block/copper_block",
		"texture": "item/waxed_copper_golem_statue"
	},
	"elements": [
		{
			"from": [8, 0, 6],
			"to": [12, 5, 10],
			"rotation": {"angle": 0, "axis": "y", "origin": [8, 0, 6]},
			"faces": {
				"north": {"uv": [1, 7.75, 2, 9], "texture": "#texture"},
				"east": {"uv": [0, 7.75, 1, 9], "texture": "#texture"},
				"south": {"uv": [3, 7.75, 4, 9], "texture": "#texture"},
				"down": {"uv": [3, 6.75, 2, 7.75], "texture": "#texture"}
			}
		},
		{
			"from": [4, 0, 6],
			"to": [8, 5, 10],
			"rotation": {"angle": 0, "axis": "y", "origin": [4, 0, 6]},
			"faces": {
				"north": {"uv": [5, 7.75, 6, 9], "texture": "#texture"},
				"south": {"uv": [7, 7.75, 8, 9], "texture": "#texture"},
				"west": {"uv": [6, 7.75, 7, 9], "texture": "#texture"},
				"down": {"uv": [7, 6.75, 6, 7.75], "texture": "#texture"}
			}
		},
		{
			"from": [4, 5, 5],
			"to": [12, 11, 11],
			"rotation": {"angle": 0, "axis": "y", "origin": [4, 5, 6]},
			"faces": {
				"north": {"uv": [1.5, 5.25, 3.5, 6.75], "texture": "#texture"},
				"east": {"uv": [0, 5.25, 1.5, 6.75], "texture": "#texture"},
				"south": {"uv": [5, 5.25, 7, 6.75], "texture": "#texture"},
				"west": {"uv": [3.5, 5.25, 5, 6.75], "texture": "#texture"},
				"down": {"uv": [5.5, 3.75, 3.5, 5.25], "texture": "#texture"}
			}
		},
		{
			"from": [4, 11, 3],
			"to": [12, 16, 13],
			"rotation": {"angle": 0, "axis": "y", "origin": [4, 11, 6]},
			"faces": {
				"north": {"uv": [2.5, 2.5, 4.5, 3.75], "texture": "#texture"},
				"east": {"uv": [0, 2.5, 2.5, 3.75], "texture": "#texture"},
				"south": {"uv": [7, 2.5, 9, 3.75], "texture": "#texture"},
				"west": {"uv": [4.5, 2.5, 7, 3.75], "texture": "#texture"},
				"up": {"uv": [4.5, 2.5, 2.5, 0], "texture": "#texture"},
				"down": {"uv": [6.5, 0, 4.5, 2.5], "texture": "#texture"}
			}
		},
		{
			"from": [7, 16, 7],
			"to": [9, 20, 9],
			"rotation": {"angle": 0, "axis": "y", "origin": [7, 16, 10]},
			"faces": {
				"north": {"uv": [9.75, 2.5, 10.25, 3.5], "texture": "#texture"},
				"east": {"uv": [9.25, 2.5, 9.75, 3.5], "texture": "#texture"},
				"south": {"uv": [10.75, 2.5, 11.25, 3.5], "texture": "#texture"},
				"west": {"uv": [10.25, 2.5, 10.75, 3.5], "texture": "#texture"}
			}
		},
		{
			"from": [6, 20, 6],
			"to": [10, 24, 10],
			"rotation": {"angle": 0, "axis": "y", "origin": [6, 20, 9]},
			"faces": {
				"north": {"uv": [10.25, 1, 11.25, 2], "texture": "#texture"},
				"east": {"uv": [9.25, 1, 10.25, 2], "texture": "#texture"},
				"south": {"uv": [12.25, 1, 13.25, 2], "texture": "#texture"},
				"west": {"uv": [11.25, 1, 12.25, 2], "texture": "#texture"},
				"up": {"uv": [11.25, 1, 10.25, 0], "texture": "#texture"},
				"down": {"uv": [12.25, 0, 11.25, 1], "texture": "#texture"}
			}
		},
		{
			"from": [7, 10, 2],
			"to": [9, 13, 4],
			"rotation": {"angle": 0, "axis": "y", "origin": [4, 11, 4]},
			"faces": {
				"north": {"uv": [14.5, 0.5, 15, 1.25], "texture": "#texture"},
				"east": {"uv": [14, 0.5, 14.5, 1.25], "texture": "#texture"},
				"south": {"uv": [15.5, 0.5, 16, 1.25], "texture": "#texture"},
				"west": {"uv": [15, 0.5, 15.5, 1.25], "texture": "#texture"},
				"up": {"uv": [15, 0.5, 14.5, 0], "texture": "#texture"},
				"down": {"uv": [15.5, 0, 15, 0.5], "texture": "#texture"}
			}
		},
		{
			"from": [12, 2, 6],
			"to": [15, 12, 10],
			"rotation": {"angle": 0, "axis": "y", "origin": [12, 2, 6]},
			"faces": {
				"north": {"uv": [10, 5, 10.75, 7.5], "texture": "#texture"},
				"east": {"uv": [9, 5, 10, 7.5], "texture": "#texture"},
				"south": {"uv": [11.75, 5, 12.5, 7.5], "texture": "#texture"},
				"up": {"uv": [10.75, 5, 10, 4], "texture": "#texture"},
				"down": {"uv": [11.5, 4, 10.75, 5], "texture": "#texture"}
			}
		},
		{
			"from": [1, 2, 6],
			"to": [4, 12, 10],
			"rotation": {"angle": 0, "axis": "y", "origin": [1, 2, 6]},
			"faces": {
				"north": {"uv": [13.5, 5, 14.25, 7.5], "texture": "#texture"},
				"south": {"uv": [15.25, 5, 16, 7.5], "texture": "#texture"},
				"west": {"uv": [14.25, 5, 15.25, 7.5], "texture": "#texture"},
				"up": {"uv": [14.25, 5, 13.5, 4], "texture": "#texture"},
				"down": {"uv": [15, 4, 14.25, 5], "texture": "#texture"}
			}
		}
	],
	"display": {
		"thirdperson_righthand": {
			"rotation": [0, 135, 0],
			"translation": [0, 1, 0],
			"scale": [0.5, 0.5, 0.5]
		},
		"thirdperson_lefthand": {
			"rotation": [75, 45, 0],
			"translation": [0, 2.5, 0],
			"scale": [0.375, 0.375, 0.375]
		},
		"firstperson_righthand": {
			"rotation": [0, 135, 0],
			"translation": [0, 1, 0],
			"scale": [0.5, 0.5, 0.5]
		},
		"firstperson_lefthand": {
			"rotation": [0, -135, 0],
			"scale": [0.4, 0.4, 0.4]
		},
		"ground": {
			"translation": [0, 3, 0],
			"scale": [0.375, 0.375, 0.375]
		},
		"gui": {
			"rotation": [30, -135, 0],
			"translation": [0, -1.75, 0],
			"scale": [0.55, 0.55, 0.55]
		},
		"head": {
			"translation": [0, 14.25, 0]
		},
		"fixed": {
			"translation": [0, -1, 0],
			"scale": [0.5, 0.5, 0.5]
		}
	}
}